<?xml version="1.0" encoding="utf-8"?>
<content>
		<item id="text_140"><![CDATA[Klicken Sie oben rechts auf "Themenübersicht", um ein anderes Thema zu auszuwählen.]]></item>
		<item id="text_45"><![CDATA[Überspringen]]></item>
		<item id="text_42"><![CDATA[Zur Themenübersicht ]]></item>
		<item id="text_13"><![CDATA[Für den Alltag.]]></item>
		<item id="text_11"><![CDATA[Lernen Sie die wichtigsten Neuerungen kennen! ]]></item>
		<item id="text_10"><![CDATA[umfassendes Infotainment]]></item>
		<item id="text_09"><![CDATA[innovative Fahrassistenz ]]></item>
		<item id="text_08"><![CDATA[noch mehr Performance ]]></item>
		<item id="text_07"><![CDATA[gesteigerte Alltagstauglichkeit ]]></item>
		<item id="text_06"><![CDATA[geschärftes Design ]]></item>
		<item id="text_05"><![CDATA[Der neue Porsche Macan (MJ 19)]]></item>
		<item id="text_04"><![CDATA[80% Neukunden]]></item>
		<item id="text_03"><![CDATA[Meistverkauftes Porsche Modell]]></item>
		<item id="text_02"><![CDATA[Erfolgsgeschichte Macan]]></item>
		<item id="text_01"><![CDATA[Erfolgsgeschichte Macan]]></item>
		<subtitle id="a"><![CDATA[]]></subtitle>
</content>