<?xml version="1.0" encoding="utf-8"?>
<content>
		<item id="text_140"><![CDATA[Klicken Sie oben rechts auf "Themenübersicht", um ein anderes Thema auszuwählen.]]></item>
		<item id="text_46"><![CDATA[Der in Wagenfarbe lackierte Bereich der Heckverkleidung wurde seitlich weiter um den Heckdiffusor nach unten gezogen, was die Einfassung der Abgasanlagen-Endrohre positiv unterstreicht (SportDesign Paket).]]></item>
		<item id="text_45"><![CDATA[Lackierung]]></item>
		<item id="text_44"><![CDATA[alle möglichen LED-Lichter leuchten rot auf]]></item>
		<item id="text_43"><![CDATA[vier rote Lichter ]]></item>
		<item id="text_42"><![CDATA[gelbe LEDs im unteren Rand]]></item>
		<item id="text_41"><![CDATA[Bremslicht]]></item>
		<item id="text_40"><![CDATA[Fahrrichtungsanzeiger]]></item>
		<item id="text_39"><![CDATA[Bremslicht]]></item>
		<item id="text_38"><![CDATA[Fahrtrichtungsanzeiger]]></item>
		<item id="text_37"><![CDATA[Nordamerikanischer Raum (NAR)]]></item>
		<item id="text_36"><![CDATA[Europa (ECE)]]></item>
		<item id="text_35"><![CDATA[Bei den Heckleuchten wird nun zwischen Europa (ECE) und dem nordamerikanischen Raum (NAR) unterschieden. 
Bitte beachten Sie: Für NAR sind separate Teilenummern vorhanden. ]]></item>
		<item id="text_34"><![CDATA[Heckleuchten]]></item>
		<item id="text_31"><![CDATA[Am Fahrzeugheck des neuen Macan fallen die designtechnischen Änderungen sofort ins Auge.

Die markanteste Änderung ist die Heckklappe, die mit dem inzwischen für Porsche typischen 3D-Leuchtband mit integriertem Porsche Schriftzug versehen wurde. 

Die neuen 4-Punkt Bremslichter in den Design-Heckleuchten folgen dem 4-Augen-Prinzip der Hauptscheinwerfer.

Bitte bewegen Sie den Schieberegler und klicken Sie auf die Hotspots.]]></item>
		<item id="text_30"><![CDATA[Exterieur – Heck]]></item>
		<item id="text_25"><![CDATA[doppelreihige Blink- und Begrenzungsleuchte]]></item>
		<item id="text_24"><![CDATA[Blink- und Begrenzungslicht ]]></item>
		<item id="text_21"><![CDATA[Das neue Design der Bugverkleidung und Bugleuchten unterstreicht das für Porsche typische Gesicht des Macan. ]]></item>
		<item id="text_20"><![CDATA[Bugverkleidung]]></item>
		<item id="text_18"><![CDATA[LED-Abbiegelicht]]></item>
		<item id="text_17"><![CDATA[LED-Zusatzfernlicht]]></item>
		<item id="text_16"><![CDATA[LED dynamische Reichweitenregulierung (Abblend-/Fernlicht) ]]></item>
		<item id="text_15"><![CDATA[LED-Tagfahrlicht (Lichtleiter)]]></item>
		<item id="text_14"><![CDATA[4-Punkt-Grundlicht]]></item>
		<item id="text_13"><![CDATA[LED-Zusatzfernlicht]]></item>
		<item id="text_12"><![CDATA[LED-Reichweitenmodul (Abblend-/Fernlicht) ]]></item>
		<item id="text_11"><![CDATA[4-Punkt-Tagfahrlicht ]]></item>
		<item id="text_10"><![CDATA[LED PDLS+-Scheinwerfer]]></item>
		<item id="text_09"><![CDATA[LED-Basisscheinwerfer ]]></item>
		<item id="text_08"><![CDATA[Bitte beachten Sie: Nach Demontage/Montage sowie Tausch interner Teile ist eine mechanische Einstellung der Scheinwerfer notwendig.]]></item>
		<item id="text_07"><![CDATA[LED-Hauptscheinwerfer]]></item>
		<item id="text_06"><![CDATA[Das dynamische Kurvenlicht (Porsche Dynamic Light System) – kurz PDLS – schwenkt die Hauptscheinwerfer abhängig von Lenkwinkel und Fahrgeschwindigkeit in die Kurve – zur Ausleuchtung enger Kurven oder beim Abbiegen. 

Die unterschiedlichen PDLS-Lichtfunktionen werden über eine mechanisch bewegte Walze vor der Lichtquelle im Inneren der Scheinwerfer (PDLS-Walze) geregelt.

Die geschwindigkeitsabhängige Fahrlicht­steuerung regelt die Grenze der maximalen Reich­weite des Abblendlichts abhängig von der gefahrenen Geschwindigkeit: Landstraßenlicht (10 % PDLS-Walze) Autobahnlicht (15 % PDLS-Walze) 

Das Schlechtwetterlicht (0 % PDLS-Walze) reduziert bei schwierigen Sichtverhältnissen die Reflexion. Es ersetzt das von älteren Modellen bekannte Nebellicht, wodurch dieses beim Macan (MJ 19) entfällt.
Die Funktion Touristenlicht (0 % PDLS-Walze, plane Ausleuchtung) kann in Ländern mit Linksverkehr eingeschaltet werden. Es verhindert, dass der Gegenverkehr in einem Land mit Linksverkehr geblendet wird.]]></item>
		<item id="text_05"><![CDATA[PDLS-Lichtfunktionen]]></item>
		<item id="text_04"><![CDATA[Porsche Macan (MJ 19)]]></item>
		<item id="text_03"><![CDATA[Porsche Macan (MJ 17)]]></item>
		<item id="text_02"><![CDATA[Erstmalig wird beim Macan (MJ 19) serien­mäßig ein reiner LED-Hauptscheinwerfer in Linsenoptik eingesetzt. LED-Scheinwerfer sind besonders effizient, langlebig und wartungsarm.

Ein weiterer Vorteil: Die Nebelscheinwerfer sowie die Scheinwerfer­reinigungs­anlage können entfallen. Die unten liegende Luftöffnung reicht nun über die gesamte Fahrzeugbreite.

Der LED-Basisscheinwerfer ist mit dem markenspezifischen 4-Augen-Prinzip – einem 4-Punkt-Tagfahrlicht – und einer dynamischen, automatischen Leuchtweiten-Regulierung ausgestattet.

Auf Wunsch ist auch ein schwenkbarer LED-Hauptscheinwerfer mit Kurvenlichtfunktion (PDLS+) erhältlich.

Bitte schließen Sie diese Textlasche, bewegen Sie den Schieberegler und klicken Sie auf die Hotspots.]]></item>
		<item id="text_01"><![CDATA[Exterieur – Front ]]></item>
</content>