<?xml version="1.0" encoding="utf-8"?>
<content>
		<item id="text_140"><![CDATA[Klicken Sie oben rechts auf "Themenübersicht", um ein anderes Thema auszuwählen.]]></item>
		<item id="text_31"><![CDATA[Optional steht das Multifunktions-GT-Sportlenkrad mit Schaltpaddles inklusive Lenkradheizung in Leder zur Verfügung.
Das optionale Sport Chrono-Paket beinhaltet den Mode-Schalter für Normal-, Sport-, Sport Plus- oder Individual-Fahrweise.]]></item>
		<item id="text_30"><![CDATA[Multifunktions-GT-Sportlenkrad]]></item>
		<item id="text_24"><![CDATA[Anti-Allergen-Filter]]></item>
		<item id="text_23"><![CDATA[Ionisator]]></item>
		<item id="text_22"><![CDATA[Luftführung Klimaautomatik mit Anti-Allergen-Filter und Ionisator]]></item>
		<item id="text_21"><![CDATA[Der neue, serienmäßig eingebaute Anti-Allergen-Filter entfernt Schadstoffe aus der Frischluft. Er besteht aus drei Schichten:
• Filtrationsschicht aus Mikrofaser reduziert Feinstaub, Pollen und Dieselrußpartikel
• Aktivkohleschicht reduziert Gase, Ozon und Gerüche 
• Biofunktionale Trägerschicht reduziert Allergene, Pilze und Bakterien 

Bitte beachten Sie die spezifischen Wartungsintervalle der verschiedenen Länder, nähere Infos dazu erhalten Sie in PCSS.

Erstmalig wird beim Porsche Macan (MJ 19) optional für die Luftreinigung im Innenraum ein Ionisator mit zwei Emitter-Abgängen in den seitlichen Luftführungen verbaut. 

Die Außenluft wird in der Klimaautomatik durch den Ionisator geleitet, bevor sie ins Wageninnere strömt. Die vom Ionisator erzeugten negativen Ionen binden schädliche Partikel und verbessern so die Luftqualität im Fahrzeuginnenraum.]]></item>
		<item id="text_20"><![CDATA[Luftreinigung]]></item>
		<item id="text_16"><![CDATA[Luftführungskanäle Sitze (hinten links)]]></item>
		<item id="text_15"><![CDATA[Luftführungskanal Mittelkonsole (hinten)]]></item>
		<item id="text_14"><![CDATA[Luftführungskanäle Sitze (hinten rechts)]]></item>
		<item id="text_13"><![CDATA[Luftführungskanal Personen Mitte (vorne)]]></item>
		<item id="text_12"><![CDATA[Luftführungskanal (vorne rechts)]]></item>
		<item id="text_11"><![CDATA[Luftführungskanal (vorne links)]]></item>
		<item id="text_10"><![CDATA[LED PDLS+-Scheinwerfer]]></item>
		<item id="text_08"><![CDATA[Das 10,9-Zoll-Touchdisplay erforderte eine Umgestaltung der Luftführung in der Klimaanlage. Neu ist die Luftführung der „Personendüse Mitte“ (roter Luftführungskanal im Bild).]]></item>
		<item id="text_07"><![CDATA[Luftführung]]></item>
		<item id="text_06"><![CDATA[Der neue Zentralrechner PCM 5.1 besitzt als Anzeige- und Bedieneinheit ein hochauflösendes 10,9-Zoll-Touchdisplay.
Darüber lassen sich die zahlreichen Funktionen Media, Telefon, Navigation und Connect Dienste steuern.
Die Bedienung erfolgt über Multi-Touch-Gestensteuerung.]]></item>
		<item id="text_05"><![CDATA[10,9-Zoll-Touchdisplay]]></item>
		<item id="text_04"><![CDATA[Porsche Macan (MJ 19)]]></item>
		<item id="text_03"><![CDATA[Porsche Macan (MJ 17)]]></item>
		<item id="text_02"><![CDATA[Das innovative Bedienkonzept „Porsche Advanced Cockpit“ (PAC) wurde nun auch im Macan (MJ 19) eingeführt. 
Größtes Highlight im Interieur ist das neue Full-HD-Touchdisplay. Dazu wurden extra die Bedienleiste unterhalb des Displays und die Luftausströmer neu designt.

Weitere Highlights im Interieur sind: 
• Frontscheibenheizung
• Neue Luftführung „Personen Mitte“
• Der neue Anti-Allergen-Filter
• Serienmäßig Multifunktionslenkrad
• Optional der Ionisator der 2. Generation für die Luftreinigung 
• Optional Multifunktions-GT-Sportlenkrad 
• Optional Sport Chrono-Paket inkl. Mode-Schalter

Bitte schließen Sie diese Textlasche, bewegen Sie den Schieberegler und klicken Sie auf die Hotspots.]]></item>
		<item id="text_01"><![CDATA[Interieur]]></item>
</content>