<?xml version="1.0" encoding="utf-8"?>
<content>
		<item id="text_140"><![CDATA[Klicken Sie oben rechts auf "Themenübersicht", um ein anderes Thema auszuwählen.]]></item>
		<item id="text_95"><![CDATA[<b>Beladung ab 100%</b>
Ignoriert der Fahrer die Warnung und setzt sich der Partikelfilter weiter zu, erscheint im Kombiinstrument die Meldung <b>„Partikelfilter. Fahrzeug verkehrssicher abstellen“. </b>

Eine Regeneration in der Fachwerkstatt ist nicht mehr möglich. 
<b>Der Partikelfilter muss getauscht werden. </b>]]></item>
		<item id="text_94"><![CDATA[<b>Beladung ab ca. 85 %</b>
Kommt der Fahrer der Aufforderung durch das Kombiinstrument nicht nach und setzt sich der Partikelfilter weiter zu, erscheint im Kombiinstrument die Meldung <b>„Partikelfilter, Weiterfahrt möglich, Werkstatt aufsuchen“. </b>

Durch eine <b>Zwangsregeneration</b> mit dem Porsche Tester kann der Partikelfilter in der Fachwerkstatt wieder regeneriert werden. ]]></item>
		<item id="text_93"><![CDATA[<b>Beladung ab ca. 70 %</b>
Der Fahrer wird durch die Meldung <b>„Partikelfilter prüfen, siehe Betriebsanleitung“</b> im Kombiinstrument aufgefordert, einen entsprechenden Fahrzyklus (laut Betriebsanleitung) durchzuführen. 

Dieser Fahrzyklus dient dem schnellen Erreichen der genannten Bedingungen für eine <b>(aktive Regeneration).</b>]]></item>
		<item id="text_92"><![CDATA[• Start-Stopp-Verbot 
• Leistungsreduzierung]]></item>
		<item id="text_91"><![CDATA[Ab ca. 60 %]]></item>
		<item id="text_90"><![CDATA[• Segelverbot 
• Anpassen der Schaltdrehzahl
• Anheben der Leerlaufdrehzahl 
• Start-Stopp-Verbot ]]></item>
		<item id="text_89"><![CDATA[Ab ca. 25 %]]></item>
		<item id="text_88"><![CDATA[• Segelverbot 
• Anpassen der Schaltdrehzahl]]></item>
		<item id="text_87"><![CDATA[Ab ca. 15 %]]></item>
		<item id="text_86"><![CDATA[Maßnahmen]]></item>
		<item id="text_85"><![CDATA[Partikelfilterbeladung]]></item>
		<item id="text_84"><![CDATA[<b>Beladung 15 – 70 %</b>
Bei Bedarf kann das DME Steuergerät folgende, zusätzliche Maßnahmen einleiten, um das Erreichen der Regenerationsvoraussetzungen zu unterstützen: ]]></item>
		<item id="text_83"><![CDATA[<b>Beladung bis ca. 15 %</b>
Der Partikelfilter kann allein durch das Fahrprofil des Kunden regeneriert werden <b>(passive Regeneration).</b> Es sind keine Maßnahmen erforderlich.

Voraussetzungen für die Regeneration:
• Mindestens 600 °C Abgastemperatur im Ottopartikelfilter
• Genügend Sauerstoff im Abgas]]></item>
		<item id="text_82"><![CDATA[Das DME Steuergerät errechnet die Beladung des Partikelfilters anhand des Differenzdrucks und der Temperatur der Abgase sowie weiterer Parameter (z. B. Rahmenbedingungen beim Kaltstart, Kühlmitteltemperatur, Lambda-Wert).]]></item>
		<item id="text_81"><![CDATA[Abgasgegendruck]]></item>
		<item id="text_80"><![CDATA[Ottopartikelfilter – Regenerationsstufen ]]></item>
		<item id="text_74"><![CDATA[In diesen Ländern müssen Fahrzeuge künftig mit einem Ottopartikelfilter ausgestattet sein. ]]></item>
		<item id="text_73"><![CDATA[Österreich
Polen
Portugal
Réunion
Rumänien
Schweden
Schweiz
Serbien
Slowakei
Slowenien
Spanien
Tschechien
Türkei
Ungarn
Zypern]]></item>
		<item id="text_72"><![CDATA[Israel
Italien
Kroatien
Lettland
Liechtenstein
Litauen
Luxemburg
Malta
Martinique (frz. Antillen)
Mazedonien
Monaco
Montenegro
Neukaledonien
Niederlande
Norwegen]]></item>
		<item id="text_71"><![CDATA[Andorra
Belgien
Bosnien-Herzegowina
Bulgarien
Dänemark
Deutschland
Estland
Finnland
Frankreich
Französisch-Polynesien
Griechenland
Großbritannien
Guadeloupe
Irland
Island]]></item>
		<item id="text_70"><![CDATA[Länderliste]]></item>
		<item id="text_61"><![CDATA[Im Vergleich zum bisherigen NEFZ beinhaltet der WLTP-Fahrzyklus dynamischere und längere Zyklusphase mit höheren Geschwindigkeiten. Durch im WLTP nunmehr vier statt bisher zwei und deutlich dynamischeren Zyklusphasen werden alltägliche Fahrsituationen besser simuliert und damit realitätsnähere Verbrauchswerte ermittelt.

Grundlagen zum neuen WLTP-Prüfverfahren erhalten Sie im Online-Training „WLTP – Hintergrundinformationen zum neuen Testverfahren“ und über Porsche Product Essentials (PPE).]]></item>
		<item id="text_60"><![CDATA[WLTP Fahrzyklus]]></item>
		<item id="text_55"><![CDATA[Zyklusdauer (Sekunden)]]></item>
		<item id="text_54"><![CDATA[Geschwindigkeit 
(km/h)]]></item>
		<item id="text_53"><![CDATA[WLTP]]></item>
		<item id="text_52"><![CDATA[NEFZ]]></item>
		<item id="text_51"><![CDATA[Extra-High]]></item>
		<item id="text_50"><![CDATA[High]]></item>
		<item id="text_49"><![CDATA[Medium]]></item>
		<item id="text_48"><![CDATA[Low]]></item>
		<item id="text_47"><![CDATA[Überland]]></item>
		<item id="text_46"><![CDATA[Stadt]]></item>
		<item id="text_45"><![CDATA[Ottopartikelfilter – Regenerationsstufen]]></item>
		<item id="text_44"><![CDATA[Länderliste]]></item>
		<item id="text_43"><![CDATA[WLTP Fahrzyklus]]></item>
		<item id="text_42"><![CDATA[<b>Bitte beachten Sie:</b>
Bei Fahrzeugen mit Ottopartikelfilter darf nur freigegebenes, aschearmes Motoröl nach Porsche Spezifikation verwendet werden.]]></item>
		<item id="text_41"><![CDATA[Der neue Macan (MJ 19) ist der erste Porsche, der nach dem WLTP-Prüfverfahren typisiert wird. 
Mit dem Macan (MJ 19) führt Porsche erstmals serienmäßig eine Abgasreinigungsanlage mit Ottopartikelfilter in verschiedenen Märkten ein. So können die RDE (Real Driving Emissions)-Anforderungen der Abgasstufe Euro 6d-TEMP für die EU28-Länder erfüllt werden.
Der Ottopartikelfilter funktioniert ähnlich wie ein Dieselpartikelfilter. An der Oberfläche lagern sich die Rußpartikel ab und werden zur Regeneration des Ottopartikelfilters bei ca. 600 °C verbrannt.

<b>Voraussetzungen für die Regeneration:</b>
• Mindestens 600 °C Abgastemperatur im Ottopartikelfilter
• Genügend Sauerstoff im Abgas
• Beladungszustand < 85 %

Das Abgassystem mit Ottopartikelfilter ist auf die Lebensdauer des Fahrzeugs ausgelegt. Bei „normalem“ Fahrverhalten muss der Fahrer während der Fahrt also nicht auf das Partikelfiltersystem achten oder aktiv eingreifen. ]]></item>
		<item id="text_40"><![CDATA[Performance]]></item>
		<item id="text_31"><![CDATA[Im Porsche Macan S (MJ 19) kommt der bereits vom Panamera und Cayenne bekannte 3,0-Liter V6-Monoturbo-Ottomotor zum Einsatz. 
Das Aggregat überzeugt durch hervorragende Performance bei geringem Kraftstoffverbrauch. 

<b>Merkmale</b>
• Doppelte obenliegende Nockenwellen mit 4 Ventilen pro Zylinder 
• Zylinderköpfe mit integriertem Abgaskrümmer, der die Abgase in den Auspuff weiterleitet
• Twin-Scroll-Turbolader (parallele Verwendung von zwei Ladern) im Innen-V (Heiße-Seite-Innen) 
• Steuertrieb mit Ausgleichswelle 
• Brennverfahren (Miller Brennverfahren) mit zentraler Injektorlage 
• Benzindirekteinspritzung

Grundlegendes zur Motortechnik erfahren Sie über den nebenstehenden Link zum Porsche Product Essentials (PPE).]]></item>
		<item id="text_30"><![CDATA[Performance]]></item>
		<item id="text_23"><![CDATA[480 Nm]]></item>
		<item id="text_22"><![CDATA[260 kW / 354 PS]]></item>
		<item id="text_21"><![CDATA[2995 cm³]]></item>
		<item id="text_20"><![CDATA[6-Zylinder V-Motor 90°]]></item>
		<item id="text_12"><![CDATA[370 Nm]]></item>
		<item id="text_11"><![CDATA[180 kW / 245 PS
(185 kW) / (252 PS) ]]></item>
		<item id="text_10"><![CDATA[1984 cm³]]></item>
		<item id="text_09"><![CDATA[4-Zylinder Reihe ]]></item>
		<item id="text_08"><![CDATA[Maximales Motordrehmoment]]></item>
		<item id="text_07"><![CDATA[Maximale Leistung
(länderabhängig) ]]></item>
		<item id="text_06"><![CDATA[Maximale Leistung]]></item>
		<item id="text_05"><![CDATA[Hubraum]]></item>
		<item id="text_04"><![CDATA[Bauart]]></item>
		<item id="text_03"><![CDATA[<b>Leistungsdaten</b>]]></item>
		<item id="text_02"><![CDATA[Im Porsche Macan (MJ 19) wird als Basismotorisierung der 2,0-Liter Reihenvierzylinder-Motor eingesetzt.
Das Aggregat wird mit einem Abgasturbolader aufgeladen und überzeugt durch eine sportliche Charakteristik bei günstigen Verbrauchswerten. 

<b>Merkmale</b>
• Doppelte obenliegende Nockenwellen mit 4 Ventilen pro Zylinder 
• Zylinderkopf mit integriertem Abgaskrümmer, der die Abgase in den Auspuff weiterleitet 
• Steuertrieb mit zwei Ausgleichswellen 
• Benzin-Direkteinpritzung mit Drücken von ca. 60–200 bar

Grundlegendes zur Motortechnik erfahren Sie über den nebenstehenden Link zum Porsche Product Essentials (PPE).]]></item>
		<item id="text_01"><![CDATA[Performance]]></item>
</content>