<?xml version="1.0" encoding="utf-8"?>
<content>
		<item id="text_140"><![CDATA[Klicken Sie oben rechts auf "Themenübersicht", um ein anderes Thema auszuwählen.]]></item>
		<item id="text_03"><![CDATA[Neues PCM 5.1, bedienbar über 10,9-Zoll-Touchdisplay]]></item>
		<item id="text_02"><![CDATA[Im Macan (MJ 19) kommt das neue PCM 5.1 (Porsche Communication Management) zum Einsatz, welches auf dem MIB2+ (Modularer Infotainment Baukasten 2+) Rechner basiert und zahlreiche Navigations- und Infotainment-Funktionen sowie Porsche Connect Dienste bereitstellt. 

Der neue Zentralrechner enthält nur noch einen SD- und SIM-Karten-Slot sowie zwei USB-Anschlüsse. Ein CD- oder DVD-Laufwerk ist nicht mehr vorhanden.

Landesspezifisch ist nun Connect Plus serienmäßig mit permanentem Online-Zugang in den Macan (MJ 19) integriert und bietet u. a.: 

• Echtzeit-Verkehrsinformationen 
• Online Routing 
• Voice Pilot (Sprachsteuerung) 

Zu beachten ist, dass die angebotenen Dienste länderspezifisch abweichen. Z.B. ist der permanente Online-Zugang nur in Ländern verfügbar, in denen die integrierte SIM Karte verbaut ist.

Apple CarPlay® ist nicht im Serienumfang enthalten und muss optional erworben werden. Des Weiteren ist in der Nord Amerika Region (NAR) Wireless Apple CarPlay verfügbar, sofern Apple CarPlay erworben wurde.

<b>Bitte beachten Sie:</b>
Im Rahmen von <b>Porsche Connect</b> kommt das PCM 5.1 zum Einsatz. Das heißt, dass für die Navigation und das Infotainment die Porsche Connect App verwendet werden <b>kann.</b> Im Rahmen von <b>Porsche Car Connect</b> kommt jedoch das bereits im Vorgänger eingesetzte Vodafone VTS Steuergerät zum Einsatz. Das bedeutet, dass für Remote-, Safety- und Security-Dienste die Porsche Car Connect App verwendet werden <b>muss.</b> ]]></item>
		<item id="text_01"><![CDATA[Konnektivität]]></item>
</content>