<?xml version="1.0" encoding="utf-8"?>
<content>
		<item id="text_140"><![CDATA[Klicken Sie oben rechts auf "Themenübersicht", um ein anderes Thema auszuwählen.]]></item>
		<item id="text_41"><![CDATA[Der Spurhalteassistent ist im Geschwindigkeitsbereich von 65–250 km/h aktiv. Bei Annährung an die Spurmarkierung erhält der Fahrer eine Lenkunterstützung durch das System, um der erfassten Spur weiterhin zu folgen. Der Lenkeingriff ist jederzeit durch den Fahrer übersteuerbar.

Nötiger Sensor für den Spurhalteassistent ist: 
• Frontkamera]]></item>
		<item id="text_40"><![CDATA[Spurhalteassistent]]></item>
		<item id="text_31"><![CDATA[Der Stauassistent ist bis zu 60 km/h funktionsfähig. Er hilft dem Fahrer, auf gut ausgebauten Landstraßen oder Autobahnen eine vom System berechnete Fahrspur zu halten. Dabei orientiert er sich an Fahrbahnmarkierungen und anderen Fahrzeugen auf der Fahrbahn.

Bei eingeschaltetem Abstandsregeltempostat (ACC) steuert der Stauassistent selbstständig die Lenkung durch sanfte Lenkeingriffe. Der Fahrer kann den Lenkeingriff jederzeit übersteuern.

Nötige Sensoren für den Stauassistenten sind:
• Ultraschallsensoren
• Frontradar 
• Frontkamera ]]></item>
		<item id="text_30"><![CDATA[Stauassistent]]></item>
		<item id="text_27"><![CDATA[Notbremsung]]></item>
		<item id="text_26"><![CDATA[Zielbremsung]]></item>
		<item id="text_25"><![CDATA[Warnung]]></item>
		<item id="text_24"><![CDATA[Prefill]]></item>
		<item id="text_23"><![CDATA[480 Nm]]></item>
		<item id="text_22"><![CDATA[Der Fahrer wird unterstützt durch:

• Fahrzeugkonditionierung: zur Verkürzung des Bremswegs werden mittels Prefill-Funktion die Bremsbacken an die Bremsscheiben angelegt.
• Optische Warnung im Kombiinstrument
• Akustisches Signal (Warnton)
• Haptische Warnung (Bremsruck)
• Bei Bedarf Verstärkung der fahrerinitiierten Bremsung (autonome Notbremsung)

Nötige Sensoren für die Anhaltewegverkürzung sind:
• Frontkamera 
• Radarsensor]]></item>
		<item id="text_21"><![CDATA[Die Anhaltewegverkürzung (AWV) erfasst permanent das Umfeld vor dem Fahrzeug. Bei erkannter Kollisionsgefahr wird situationsabhängig eine mehrstufige Funktionskette (Fahrzeug-Konditionierung, Warnfunktionen, Bremsfunktionen) aktiviert, wodurch die Folgen einer Kollision gemindert werden.]]></item>
		<item id="text_20"><![CDATA[Anhaltewegverkürzung]]></item>
		<item id="text_12"><![CDATA[Der Fahrer wird unterstützt durch:

• Fahrzeugkonditionierung: zur Verkürzung des Bremswegs werden mittels Prefill-Funktion die Bremsbacken an die Bremsscheiben angelegt.
• Optische Warnung im Kombiinstrument
• Akustisches Signal (Warnton)
• Haptische Warnung (Bremsruck)

Nötige Sensoren für die Fußgängerwarnung sind:
• Frontkamera 
• Radarsensor]]></item>
		<item id="text_11"><![CDATA[Die Fußgängerwarnung ist im Fahrgeschwindigkeitsbereich zwischen ca. 12 und 65 km/h einsatzfähig. Die Warnung erfolgt bei einem Fußgänger im Kollisionsbereich vor dem Fahrzeug. ]]></item>
		<item id="text_10"><![CDATA[Fußgängerwarnung]]></item>
		<item id="text_06"><![CDATA[Spurhalteassistent]]></item>
		<item id="text_05"><![CDATA[Stauassistent]]></item>
		<item id="text_04"><![CDATA[Anhaltewegverkürzung (AWV)]]></item>
		<item id="text_03"><![CDATA[Fußgängerwarnung]]></item>
		<item id="text_02"><![CDATA[Die Assistenzsysteme wurden im neuen Macan (MJ 19) ergänzt um:

• Fußgängerwarnung
• Anhaltewegverkürzung (AWV)
• Stauassistent
• Spurhalteassistent

Details erhalten Sie per Klick auf die Buttons rechts im Bild.]]></item>
		<item id="text_01"><![CDATA[Assistenzsysteme]]></item>
</content>