<?xml version="1.0" encoding="utf-8"?>
<content>
		<item id="text_383"><![CDATA[Neu sind die Assistenzsysteme Anhalte­wegverkürzung (AWV), Fußgängerwarnung, Spurhalteassistent und Stauassistent.

Klicken Sie oben rechts auf "Themenübersicht", um ein anderes Thema auszuwählen.]]></item>
		<item id="text_382"><![CDATA[Leider nicht richtig.

Klicken Sie auf "Lösung".]]></item>
		<item id="text_381"><![CDATA[Noch nicht richtig.
Bitte versuchen Sie es erneut.]]></item>
		<item id="text_380"><![CDATA[Richtig.

Neu sind die Assistenzsysteme Anhalte­wegverkürzung (AWV), Fußgängerwarnung, Spurhalteassistent und Stauassistent.

Klicken Sie oben rechts auf "Themenübersicht", um ein anderes Thema auszuwählen.]]></item>
		<item id="text_378"><![CDATA[Stauassistent]]></item>
		<item id="text_377"><![CDATA[Spurwechselassistent]]></item>
		<item id="text_376"><![CDATA[Spurhalteassistent]]></item>
		<item id="text_375"><![CDATA[Fußgängerwarnung]]></item>
		<item id="text_374"><![CDATA[Anhaltewegverkürzung (AWV)]]></item>
		<item id="text_373"><![CDATA[Abstandregeltempostat (ACC)]]></item>
		<item id="text_372"><![CDATA[Welche Assistenzsysteme sind neu beim Macan (MJ 19)?]]></item>
		<item id="text_371"><![CDATA[Bitte klicken Sie die richtigen Antworten an und bestätigen Sie ihre Auswahl durch Klick auf „Auswerten“.]]></item>
		<item id="text_363"><![CDATA[Der Abgasreinigungsanlage mit Ottopartikel­filter wird nur in bestimmten Märkten ein­geführt. Die Warnmeldung erscheint ab 70 % Beladung, ein Austausch des Ottopartikelfilters ist ab 100 % Beladung notwendig.]]></item>
		<item id="text_362"><![CDATA[Leider nicht richtig.

Klicken Sie auf "Lösung".]]></item>
		<item id="text_361"><![CDATA[Noch nicht richtig.
Bitte versuchen Sie es erneut.]]></item>
		<item id="text_360"><![CDATA[Richtig.

Der Abgasreinigungsanlage mit Ottopartikel­filter wird nur in bestimmten Märkten ein­geführt. Die Warnmeldung erscheint ab 70 % Beladung, ein Austausch des Ottopartikelfilters ist ab 100 % Beladung notwendig.]]></item>
		<item id="text_358"><![CDATA[Ab 90 % Beladung muss der Ottopartikelfilter ausgetauscht werden.]]></item>
		<item id="text_357"><![CDATA[Ab 85 % Beladung ist eine Regeneration in der Werkstatt notwendig.]]></item>
		<item id="text_356"><![CDATA[Ab 60% Beladung erscheint eine Warnmeldung. ]]></item>
		<item id="text_355"><![CDATA[Voraussetzungen für die Regeneration sind mind. 600 °C Abgastemperatur und genügend Sauerstoff im Abgas. ]]></item>
		<item id="text_354"><![CDATA[Es darf nur freigegebenes, aschearmes Motoröl nach Porsche Spezifikation verwendet werden.]]></item>
		<item id="text_353"><![CDATA[Der Abgasreinigungsanlage mit Ottopartikelfilter im Macan wird weltweit eingeführt.]]></item>
		<item id="text_352"><![CDATA[Welche Aussagen zum Ottopartikelfilter sind richtig?]]></item>
		<item id="text_351"><![CDATA[Bitte klicken Sie die richtigen Antworten an und bestätigen Sie ihre Auswahl durch Klick auf „Auswerten“.]]></item>
		<item id="text_343"><![CDATA[Der Ionisator der 2. Generation und das Multifunktions-GT-Sportlenkrad sind optional erhältlich. Serienmäßig ist ein Multifunktions-Lenkrad verbaut.]]></item>
		<item id="text_342"><![CDATA[Leider nicht richtig.

Klicken Sie auf "Lösung".]]></item>
		<item id="text_341"><![CDATA[Noch nicht richtig.
Bitte versuchen Sie es erneut.]]></item>
		<item id="text_340"><![CDATA[Richtig.

Der Ionisator der 2. Generation und das Multifunktions-GT-Sportlenkrad sind optional erhältlich. Serienmäßig ist ein Multifunktions-Lenkrad verbaut.]]></item>
		<item id="text_337"><![CDATA[Serienmäßig ist das Multifunktions-GT-Sportlenkrad verbaut.]]></item>
		<item id="text_336"><![CDATA[Optional ist das Sport Chrono-Paket inkl. Mode-Schalter erhältlich.]]></item>
		<item id="text_335"><![CDATA[Neu sind die Frontscheibenheizung und die Luftführung „Personen Mitte“.]]></item>
		<item id="text_334"><![CDATA[Erstmalig wird serienmäßig für die Luftreinigung im Innenraum ein Ionisator der 2. Generation verbaut.]]></item>
		<item id="text_333"><![CDATA[Der serienmäßig eingebaute Anti-Allergen-Filter besteht aus einer Mikrofaser-, einer Aktivkohle- und einer biofunktionalen Trägerschicht.]]></item>
		<item id="text_332"><![CDATA[Welche Aussagen zum Interieur des Macan (MJ 19) sind richtig?]]></item>
		<item id="text_331"><![CDATA[Bitte klicken Sie die richtigen Antworten an und bestätigen Sie ihre Auswahl durch Klick auf „Auswerten“.]]></item>
		<item id="text_323"><![CDATA[Das neue Exterieur des Macan (MJ 19) zeichnet sich aus durch das neue 3D-Leuchtband mit 4-Punkt Bremslichtern und den serienmäßigen LED-Hauptscheinwerfern, welche optional auch mit PDLS+ erhältlich sind. 
Beim Macan Turbo ist der Dachkantenspoiler zweiteilig aufgebaut. Die Nebelscheinwerfer und Scheinwerferreinigungsanlage entfallen.]]></item>
		<item id="text_322"><![CDATA[Leider nicht richtig.

Klicken Sie auf "Lösung".]]></item>
		<item id="text_321"><![CDATA[Noch nicht richtig.
Bitte versuchen Sie es erneut.]]></item>
		<item id="text_320"><![CDATA[Richtig.

Das neue Exterieur des Macan (MJ 19) zeichnet sich aus durch das neue 3D-Leuchtband mit 4-Punkt Bremslichtern und den serienmäßigen LED-Hauptscheinwerfern, welche optional auch mit PDLS+ erhältlich sind. 
Beim Macan Turbo ist der Dachkantenspoiler zweiteilig aufgebaut. Die Nebelscheinwerfer und Scheinwerferreinigungsanlage entfallen.]]></item>
		<item id="text_318"><![CDATA[Zweiteiliger Dachkantenspoiler serienmäßig]]></item>
		<item id="text_317"><![CDATA[Scheinwerferreinigungsanlage optional]]></item>
		<item id="text_316"><![CDATA[PDLS+ optional]]></item>
		<item id="text_315"><![CDATA[Nebelscheinwerfer serienmäßig]]></item>
		<item id="text_314"><![CDATA[LED-Hauptscheinwerfer serienmäßig]]></item>
		<item id="text_313"><![CDATA[3D-Leuchtband mit 4-Punkt Bremslichtern]]></item>
		<item id="text_312"><![CDATA[Welche Änderungen am Exterieur des Macan (MJ 19) gegenüber dem Vorgängermodell kennen Sie?]]></item>
		<item id="text_311"><![CDATA[Bitte klicken Sie die richtigen Antworten an und bestätigen Sie ihre Auswahl durch Klick auf „Auswerten“.]]></item>
		<item id="text_301"><![CDATA[Lösung]]></item>
		<item id="text_300"><![CDATA[Auswerten]]></item>
		<item id="text_50"><![CDATA[Start Quiz]]></item>
		<item id="text_11"><![CDATA[Testen Sie Ihr Wissen mit den folgenden Fragen rund um die Neuerungen am Porsche Macan (MJ 19) Modellpflege.

Starten Sie das Quiz indem Sie unten in der Steuerungsleiste auf den roten Pfeil klicken.]]></item>
		<item id="text_10"><![CDATA[Quiz]]></item>

</content>