<?xml version="1.0" encoding="utf-8"?>
<content>
		
		<item id="frameText_75"><![CDATA[Die Porsche AG mißt dem Schutz Ihrer Privat- und Persönlichkeitssphäre höchste Bedeutung bei. Die Einhaltung gesetzlicher Regelungen über den Datenschutz ist für uns daher selbstverständlich.


Erhebung und Verarbeitung persönlicher Daten

Personenbezogene Daten werden nur erhoben, soweit diese für Ihre Aktivitäten in der Porsche Academy notwendig sind.

Die Nutzung dieser Daten bleibt auf Trainingszwecke der Porsche Konzerngesellschaften und der Porsche Handelsorganisation beschränkt. Ihre Daten werden nicht verkauft, vermietet oder in anderer Weise Dritten zur Verfügung gestellt. Übermittlungen personenbezogener Daten an staatliche Einrichtungen und Behörden erfolgen nur im Rahmen zwingender nationaler Rechtsvorschriften. Unsere Mitarbeiter, Agenturen und Händler sind von uns zu strengster Vertraulichkeit verpflichtet.


Sicherheit

Porsche setzt technische und organisatorische Sicherheitsmaßnahmen ein, um Ihre durch uns verwalteten Daten gegen zufällige oder vorsätzliche Manipulationen, Verlust, Zerstörung oder vor dem Zugriff unberechtigter Personen zu schützen.

Unsere Sicherheitsmaßnahmen werden entsprechend der technologischen Entwicklung fortlaufend verbessert.


Copyright Hinweise

Alle Texte, Bilder, Audio-Dateien und weitere hier veröffentlichte Informationen, mit Ausnahme der gekennzeichneten Artikel, unterliegen dem Copyright der 
Dr. Ing. h.c. F. Porsche AG, Deutschland. Eine Reproduktion oder Wiedergabe des Ganzen oder von Teilen ist ohne die schriftliche Genehmigung der 
Dr. Ing. h.c. F. Porsche AG nicht gestattet. Der Porsche Schriftzug und das Porsche Wappen sind geschützte Marken der Dr. Ing. h.c. F. Porsche AG.


Anbieter

Dr. Ing. h.c. F. Porsche AG
Porscheplatz 1
D-70435 Stuttgart
Tel: (+49) 0711 911-0

vertreten durch den Vorstand:
Dr. Oliver Blume, Vorsitzender
Lutz Meschke, stv. Vorsitzender
Wolfgang Hatz 
Detlev von Platen
Uwe-Karsten Städter
Andreas Haffner

Registergericht: Amtsgericht Stuttgart
HRB-Nr. 5211
USt.-Ident.-Nr. DE 147 799 625

E-Mail: info@porsche.de]]></item>
		<item id="frameText_74"><![CDATA[Datenschutz]]></item>
		<item id="frameText_73"><![CDATA[Der Porsche Schriftzug, das Porsche Wappen, Porsche, 911, Carrera, Targa, 918 Spyder, Boxster, Cayman, Cayenne, Macan, Panamera, Tiptronic und Tequipment sind eingetragene Marken der Dr. Ing. h.c. F. Porsche AG.

Die abgebildeten Fahrzeugmodelle zeigen die Ausstattung für die Bundesrepublik Deutschland. Sie enthalten z.B. auch Sonderausstattungen, die nicht zum serienmäßigen Lieferumfang gehören und nur gegen Aufpreis erhältlich sind. In verschiedenen Ländern sind aufgrund länderspezifischer Bestimmungen und Auflagen nicht alle Modelle verfügbar. Bitte informieren Sie sich über die in ihrem Markt oder Land lieferbaren Modelle und den genauen Ausstattungsumfang.

Änderungen von Konstruktion, Ausstattung und Lieferumfang sowie Abweichungen im Farbton bleiben vorbehalten. Alle angegeben Preise sind unverbindlich.

Dr. Ing. h.c. F. Porsche AG
Porscheplatz 1
D-70435 Stuttgart]]></item>
		<item id="frameText_72"><![CDATA[Rechtshinweis]]></item>
		<item id="frameText_71"><![CDATA[Impressum schließen]]></item>
		<item id="frameText_70"><![CDATA[Rechtliche Hinweise und Impressum]]></item>
		<item id="frameText_53"><![CDATA[Menü schließen]]></item>
		<item id="frameText_52"><![CDATA[Themenübersicht]]></item>
		<item id="frameText_51"><![CDATA[Menü ]]></item>
		<item id="frameText_50"><![CDATA[Menü]]></item>
		<item id="frameText_40"><![CDATA[Empfohlene Route]]></item>
		<item id="frameText_32"><![CDATA[Kapitel abgeschlossen]]></item>
		<item id="frameText_31"><![CDATA[Kapitel teilweise bearbeitet]]></item>
		<item id="frameText_30"><![CDATA[Kapitel unbearbeitet]]></item>
		<item id="frameText_29"><![CDATA[Durch Klick auf diesen Pfeil werden weitere Inhalte, wie zum Beispiel Pop-up-Fenster, Verlinkungen oder Folgeseiten geöffnet. Im Bildschirmtext finden Sie hierzu jeweils entsprechende Anweisungen.]]></item>
		<item id="frameText_28"><![CDATA[Im Contentbereich finden sich je nach Lerninhalt Klickflächen, die die Inhalte interaktiv erweitern. Im Bildschirmtext finden Sie hierzu jeweils entsprechende Anweisungen. Beispielsweise öffnet der hier dargestellte Button ein Pop-up-Fenster mit weiterführenden Informationen.]]></item>
		<item id="frameText_27"><![CDATA[Diese Schaltfläche öffnet einen Klappentext mit zusätzlichen Informationen. Bitte beachten Sie, dass sich nicht auf jeder Seite des Trainings ein Klappentext befindet. Die Textbox kann auch fixiert sein.]]></item>
		<item id="frameText_25"><![CDATA[Verwenden Sie das Menü, um die Lernmodule dieses Online-Trainings direkt auszuwählen. Das Menü bietet auch einen Überblick über Ihren Lernfortschritt. Der Bearbeitungsstatus eines jeden Kapitels wird durch ein Kreisymbol hinter der Kapitelbezeichnung angezeigt.]]></item>
		<item id="frameText_24"><![CDATA[Die Steuerungsleiste am unteren Rand ermöglicht es Ihnen, Schritt für Schritt durch jedes Modul zu navigieren - vorwärts und rückwärts. Verwenden Sie dafür die Pfeile rechts und links. Alternativ können Sie auch über die Punkte zu einer Seite springen.]]></item>
		<item id="frameText_22"><![CDATA[Die Themenübersicht zeigt alle Lernstrecken dieses Online-Trainings auf einen Blick. Daneben bietet sie einen Überblick über Ihren Bearbeitungsfortschritt im Online-Training. ]]></item>
		<item id="frameText_21"><![CDATA[Sie können das Porsche Online-Training jederzeit nach einem abgeschlossenen Kapitel unterbrechen und zu einem späteren Zeitpunkt fortsetzen. Die abgeschlossenen Kapitel erkennen Sie im Menü an einem ausgefüllten Kreissymbol hinter dem Kapitelnamen. Zusätzlich zum Kreissymbol im Menü können begonnene bzw. abgeschlossene Kapitel durch die rote Färbung der Statusanziege in den Kapitelkacheln erkannt werden.]]></item>
		<item id="frameText_20"><![CDATA[Im Online-Training erschließen Sie sich Inhalte und nützliche Informationen durch Kapitel. Zur Bearbeitung der Kapitel können Sie diese wahlweise über die Themenübersicht bzw. das Menü aufrufen. ]]></item>
		
		<item id="frameText_17"><![CDATA[Möchten Sie das Online-Training nun beenden?]]></item>
		<item id="frameText_16"><![CDATA[...]]></item>
		<item id="frameText_15"><![CDATA[Impressum]]></item>
		<item id="frameText_14"><![CDATA[Hilfe]]></item>
		<item id="frameText_13"><![CDATA[ja]]></item>
		<item id="frameText_12"><![CDATA[nein]]></item>
		<item id="frameText_11"><![CDATA[Glückwunsch! Sie haben alle Themen bearbeitet. 

Sie kennen nun die Highlights des Porsche Macan (MJ 19) Modellpflege:

• Durchgängiges 3D-Leuchtenband am Heck 
• LED-Hauptscheinwerfer serienmäßig
• 3,0-Liter V6-Monoturbo-Ottomotor  (Macan S)
• Ottopartikelfilter 
• Neues PCM 5.1 mit hochauflösendem 10,9-Zoll-Touchdisplay 
• Neue Assistenzsysteme: 
			• Fußgängerwarnung 
			• Anhaltewegverkürzung (AWV) 
			• Stauassistent
			• Spurhalteassistent]]></item>
		<item id="frameText_10"><![CDATA[Starten Sie das Quiz erst, wenn Sie alle Themen angesehen haben.]]></item>
		<item id="frameText_09"><![CDATA[Navigationselemente]]></item>
		<item id="frameText_08"><![CDATA[Die Themenübersicht]]></item>
		<item id="frameText_07"><![CDATA[Das Konzept]]></item>
		<item id="frameText_06"><![CDATA[Hilfe schließen]]></item>
		<item id="frameText_05"><![CDATA[Hilfe ]]></item>
		
		<item id="frameText_03"><![CDATA[Porsche Macan (MJ 19) - Modellpflege]]></item>
		<item id="frameText_02"><![CDATA[weitere Infos]]></item>
		<item id="frameText_01"><![CDATA[Menü]]></item>

</content>