<?xml version="1.0" encoding="utf-8" standalone="yes"?>
<content baseContent="assets/content/" baseXML="assets/xml/" baseAudio="assets/audio/" baseVideo="assets/video/" autoPart="true" autoPage="false">
   
<!-- 	possible options

		<unit type="chapter" id="c0" category="hideInMenu">
		<unit type="page" id="c7p1" category="noNavigation">
-->
	
	
	<unit type="chapter" id="c1" >
        <name><![CDATA[Intro]]></name>
        <duration><![CDATA[x min]]></duration>
        <unit type="page" id="c1p1">
            <name><![CDATA[Seite 1]]></name>
        </unit>
    </unit>
	
    <unit type="chapter" id="c2" >
        <name><![CDATA[Exterieur]]></name>
        <duration><![CDATA[x min]]></duration>
        <unit type="page" id="c2p1">
            <name><![CDATA[Seite 2]]></name>
        </unit>
    </unit>

	<unit type="chapter" id="c3" >
        <name><![CDATA[Interieur]]></name>
        <duration><![CDATA[x min]]></duration>
        <unit type="page" id="c3p1">
            <name><![CDATA[Seite 3]]></name>
        </unit>
    </unit>

    <unit type="chapter" id="c4" >
        <name><![CDATA[Performance]]></name>
        <duration><![CDATA[x min]]></duration>
        <unit type="page" id="c4p1">
            <name><![CDATA[Seite 4]]></name>
        </unit>
    </unit>

    <unit type="chapter" id="c5" >
        <name><![CDATA[Konnektivität]]></name>
        <duration><![CDATA[x min]]></duration>
        <unit type="page" id="c5p1">
            <name><![CDATA[Seite 5]]></name>
        </unit>
    </unit>

	 <unit type="chapter" id="c6" >
        <name><![CDATA[Assistenzsysteme]]></name>
        <duration><![CDATA[x min]]></duration>
        <unit type="page" id="c6p1">
            <name><![CDATA[Seite 6]]></name>
        </unit>
    </unit>

	 <unit type="chapter" id="c7" >
        <name><![CDATA[Quiz]]></name>
        <duration><![CDATA[x min]]></duration>
        <unit type="page" id="c7p1" >
            <name><![CDATA[Seite 7]]></name>
        </unit>
    </unit>
	
<!--	 <unit type="chapter" id="c8" >
        <name><![CDATA[Zusammenfassung]]></name>
        <duration><![CDATA[1 min]]></duration>
        <unit type="page" id="c8p1" >
            <name><![CDATA[Seite 8]]></name>
        </unit>
    </unit>
-->	
</content>